[
{
"id": 1,
"title": "Sample Post See here",
"description": "You can write plain text or use HTML tags",
"image": "https://placehold.co/600x400",
"content": "This is a sample content article for blog posts, you can use plain text or HTML tags , access on src/data/blog.json",
"tags": ["text", "plain", "content", "creativitas.dev", "article"]
},
{
"id": 2,
"title": "Understanding JSON Basics for Web Development",
"description": "A comprehensive introduction to JSON and its use in modern web development",
"image": "https://placehold.co/600x400",
"content": "<img src='https://placehold.co/600x400' width='100%' height='100%' alt='JSON Basics'/><h2>JSON: The Foundation of Modern Web Data</h2><p>JSON (JavaScript Object Notation) has become the de facto standard for data exchange on the web. This article explores the basic concepts of JSON, its syntax, and how it's used in web development. Learn how JSON facilitates communication between clients and servers, and how <a href='https://creativitas.dev'>Creativitas.dev</a> leverages JSON in their web projects.</p>",
"tags": ["JSON", "web development", "data exchange", "creativitas.dev", "tutorial"]
},
{
"id": 3,
"title": "Optimizing Web Performance with JSON",
"description": "Tips and tricks to enhance the speed and efficiency of web applications using JSON",
"image": "https://placehold.co/600x400",
"content": "<img src='https://placehold.co/600x400' width='100%' height='100%' alt='Performance Optimization with JSON'/><h2>Speed and Efficiency with JSON</h2><p>JSON isn't just a human-readable data format; it can also be used to optimize web application performance. This article explores smart ways to use JSON to improve loading speeds and application efficiency. Discover how <a href='https://creativitas.dev'>Creativitas.dev</a> implements JSON best practices to create smooth and fast user experiences.</p>",
"tags": ["performance optimization", "JSON", "web speed", "creativitas.dev", "best practices"]
},
{
"id": 4,
"title": "JSON-LD: Boosting SEO with Structured Data",
"description": "A complete guide on using JSON-LD to enhance website visibility in search engines",
"image": "https://placehold.co/600x400",
"content": "<img src='https://placehold.co/600x400' width='100%' height='100%' alt='JSON-LD for SEO'/><h2>Boost SEO with JSON-LD</h2><p>JSON-LD (JSON for Linking Data) is a powerful way to add structured data to your website. This article explains how to implement JSON-LD to improve SEO and visibility in search results. See how <a href='https://creativitas.dev'>Creativitas.dev</a> uses JSON-LD to optimize their clients' content for search engines.</p>",
"tags": ["JSON-LD", "SEO", "structured data", "creativitas.dev", "search engine optimization"]
},
{
"id": 5,
"title": "API Integration with JSON at Creativitas.dev",
"description": "A case study on how Creativitas.dev utilizes JSON in API integrations",
"image": "https://placehold.co/600x400",
"content": "<img src='https://placehold.co/600x400' width='100%' height='100%' alt='API Integration with JSON'/><h2>APIs and JSON: A Dynamic Duo</h2><p>API integration is a crucial aspect of modern web development. This article reviews how <a href='https://creativitas.dev'>Creativitas.dev</a> leverages JSON to facilitate seamless API integrations in their projects. Learn best practices and tips for handling JSON data in the context of APIs.</p>",
"tags": ["API integration", "JSON", "web development", "creativitas.dev", "case study"]
},
{
"id": 6,
"title": "Data Security with JSON Web Tokens (JWT)",
"description": "Understanding and implementing JWT for web application security",
"image": "https://placehold.co/600x400",
"content": "<img src='https://placehold.co/600x400' width='100%' height='100%' alt='Security with JWT'/><h2>JWT: The Key to Modern Security</h2><p>JSON Web Tokens (JWT) have become an industry standard for authentication and authorization in web applications. This article discusses how JWT works, its benefits, and its implementation in the context of web security. See how <a href='https://creativitas.dev'>Creativitas.dev</a> uses JWT to secure their clients' applications.</p>",
"tags": ["JWT", "security", "authentication", "creativitas.dev", "web tokens"]
},
{
"id": 7,
"title": "Managing Application State with JSON in React",
"description": "Effective techniques for managing application state using JSON in React projects",
"image": "https://placehold.co/600x400",
"content": "<img src='https://placehold.co/600x400' width='100%' height='100%' alt='JSON State Management in React'/><h2>JSON and React: A Dynamic Duo</h2><p>Effective state management is key to building scalable React applications. This article explores how JSON can be used to manage application state more efficiently in React. Learn techniques used by <a href='https://creativitas.dev'>Creativitas.dev</a> to optimize React application performance using JSON.</p>",
"tags": ["React", "JSON", "state management", "creativitas.dev", "web development"]
},
{
"id": 8,
"title": "Building RESTful APIs with JSON",
"description": "Step-by-step guide to building RESTful APIs that utilize JSON",
"image": "https://placehold.co/600x400",
"content": "<img src='https://placehold.co/600x400' width='100%' height='100%' alt='Building RESTful APIs with JSON'/><h2>RESTful APIs and JSON: Modern Standards</h2><p>RESTful APIs have become the backbone of many modern web applications. This article provides a comprehensive guide on how to build efficient RESTful APIs using JSON. Discover how <a href='https://creativitas.dev'>Creativitas.dev</a> implements best practices in API development for their clients.</p>",
"tags": ["RESTful API", "JSON", "web services", "creativitas.dev", "backend development"]
},
{
"id": 9,
"title": "JSON Data Visualization with D3.js",
"description": "Techniques for visualizing JSON data using the D3.js library",
"image": "https://placehold.co/600x400",
"content": "<img src='https://placehold.co/600x400' width='100%' height='100%' alt='Data Visualization with JSON and D3.js'/><h2>Bringing Data to Life with D3.js</h2><p>Data visualization is a powerful way to convey complex information. This article explains how to use D3.js to visualize JSON data in engaging and informative ways. See examples of <a href='https://creativitas.dev'>Creativitas.dev</a> projects that use D3.js to create stunning data visualizations.</p>",
"tags": ["D3.js", "data visualization", "JSON", "creativitas.dev", "web graphics"]
},
{
"id": 10,
"title": "NoSQL Database Optimization with JSON",
"description": "Strategies for optimizing JSON data storage and queries in NoSQL databases",
"image": "https://placehold.co/600x400",
"content": "<img src='https://placehold.co/600x400' width='100%' height='100%' alt='NoSQL Database Optimization with JSON'/><h2>JSON and NoSQL: A Perfect Match</h2><p>NoSQL databases often use JSON as their primary data format. This article discusses strategies for optimizing JSON data storage and queries in NoSQL environments. Learn how <a href='https://creativitas.dev'>Creativitas.dev</a> implements efficient database solutions using JSON and NoSQL.</p>",
"tags": ["NoSQL", "database optimization", "JSON", "creativitas.dev", "data storage"]
},
{
"id": 11,
"title": "Automated Testing for JSON APIs",
"description": "Techniques and tools for conducting automated tests on APIs that use JSON",
"image": "https://placehold.co/600x400",
"content": "<img src='https://placehold.co/600x400' width='100%' height='100%' alt='Automated Testing for JSON APIs'/><h2>Ensuring API Quality with Automated Testing</h2><p>Automated testing is key to ensuring the reliability and consistency of APIs. This article explores various techniques and tools for conducting automated tests on APIs that use JSON. Discover how the team at <a href='https://creativitas.dev'>Creativitas.dev</a> implements comprehensive testing strategies to ensure the quality of the APIs they develop.</p>",
"tags": ["automated testing", "API testing", "JSON", "creativitas.dev", "quality assurance"]
}
]
